trial,width,arm,repeat,boundary,audit_status,raw_status,seconds,frames,fps,age_p50_ms,age_p95_ms,age_p99_ms,age_max_ms,max_event_gap_ms,final_silence_ms,frames_over_250ms,percent_over_250ms,frames_over_500ms,percent_over_500ms,frames_over_1000ms,percent_over_1000ms
before-512-r0,512,before,0,main/sent,passed,measured,60.240400146484376,2032,33.731515644963515,,,,,83.0,3.300048828125,0,,0,,0,
before-512-r1,512,before,1,main/sent,passed,measured,60.24800024414063,2154,35.75222399534307,,,,,63.199951171875,10.199951171875,0,,0,,0,
before-512-r0,512,before,0,main/received,passed,measured,60.240400146484376,1597,26.510448073330082,134.5,1021.1201171875001,1839.819951171875,1963.300048828125,1459.099853515625,1.5,224,14.026299311208517,117,7.326236693800877,87,5.447714464621165
before-512-r1,512,before,1,main/received,passed,measured,60.24800024414063,1641,27.237418559126272,136.5,172.0,187.78012695312498,219.900146484375,91.0,15.699951171875,0,0.0,0,0.0,0,0.0
before-512-r0,512,before,0,main/preview-image-raf,passed,measured,60.240400146484376,1498,24.867032694958336,149.800048828125,863.1499023437514,1717.3020458984365,1949.800048828125,1465.5,42.699951171875,188,12.550066755674232,94,6.275033377837116,66,4.405874499332444
before-512-r1,512,before,1,main/preview-image-raf,passed,measured,60.24800024414063,1631,27.07143794633452,150.10009765625,186.0,200.2700927734375,234,106.400146484375,52.60009765625,0,0.0,0,0.0,0,0.0
before-512-r0,512,before,0,stage/webgl-frame-submitted,passed,measured,60.240400146484376,1593,26.44404745198173,140.7998046875,1025.039794921875,1844.131845703125,1969.699951171875,1463.199951171875,45.10009765625,222,13.935969868173258,115,7.219083490269931,86,5.398618957940992
before-512-r1,512,before,1,stage/webgl-frame-submitted,passed,measured,60.24800024414063,1641,27.237418559126272,141.099853515625,177.0,192.05991210937498,227.89990234375,92.900146484375,10.30029296875,0,0.0,0,0.0,0,0.0
compute-capture-512-r0,512,compute-capture,0,main/sent,passed,measured,60.28990014648438,3185,52.8280855045623,,,,,85.099853515625,8.800048828125,0,,0,,0,
compute-capture-512-r1,512,compute-capture,1,main/sent,passed,measured,60.276,2956,49.04107770920432,,,,,60.7001953125,1.0,0,,0,,0,
compute-capture-512-r0,512,compute-capture,0,main/received,passed,measured,60.28990014648438,2219,36.8055013295522,112.599853515625,281.73994140624995,340.9580224609378,1235,198.5,47.5,146,6.579540333483551,10,0.45065344749887337,8,0.3605227579990987
compute-capture-512-r1,512,compute-capture,1,main/received,passed,measured,60.276,2503,41.52564868272612,96.699951171875,125.599853515625,142.400146484375,355.699951171875,185.0,16.300048828125,4,0.15980823012385137,0,0.0,0,0.0
compute-capture-512-r0,512,compute-capture,0,main/preview-image-raf,passed,measured,60.28990014648438,1880,31.18266899484368,126.900146484375,235.41990966796874,325.8339306640627,1240.699951171875,214.39990234375,42.800048828125,77,4.095744680851064,8,0.425531914893617,6,0.3191489361702128
compute-capture-512-r1,512,compute-capture,1,main/preview-image-raf,passed,measured,60.276,2152,35.70243546353441,114.0,143.800048828125,158.24712158203118,311.5,191.0,2.099853515625,5,0.23234200743494424,0,0.0,0,0.0
compute-capture-512-r0,512,compute-capture,0,stage/webgl-frame-submitted,passed,measured,60.28990014648438,2192,36.35766512590285,115.3499755859375,274.1450317382812,343.40804443359394,1237.099853515625,222.10009765625,46.0,126,5.748175182481752,10,0.4562043795620438,8,0.36496350364963503
compute-capture-512-r1,512,compute-capture,1,stage/webgl-frame-submitted,passed,measured,60.276,2501,41.492467980622465,101.699951171875,129.099853515625,146.199951171875,360,184.7001953125,15.0,4,0.1599360255897641,0,0.0,0,0.0
latest-input-512-r0,512,latest-input,0,main/sent,passed,measured,60.216500244140626,3432,56.99434517259165,,,,,100.60009765625,11.400146484375,0,,0,,0,
latest-input-512-r1,512,latest-input,1,main/sent,passed,measured,60.2445,2906,48.23676850168895,,,,,1776.099853515625,13.5,0,,0,,0,
latest-input-512-r0,512,latest-input,0,main/received,passed,measured,60.216500244140626,2319,38.51103917693474,78.10009765625,145.3199462890624,309.79212890625007,413.199951171875,180.39990234375,4.0,40,1.7248814144027598,0,0.0,0,0.0
latest-input-512-r1,512,latest-input,1,main/received,passed,measured,60.2445,1853,30.757994505722515,122.0,2071.019970703125,2387.93607421875,3001.699951171875,1451.10009765625,25.199951171875,694,37.452779276848354,529,28.54830005396654,368,19.85968699406368
latest-input-512-r0,512,latest-input,0,main/preview-image-raf,passed,measured,60.216500244140626,2022,33.57883622930662,89.9000244140625,159.37514648437502,319.8791259765625,428.39990234375,189.39990234375,39.400146484375,38,1.8793273986152323,0,0.0,0,0.0
latest-input-512-r1,512,latest-input,1,main/preview-image-raf,passed,measured,60.2445,1577,26.176663429856667,135.699951171875,2070.3599121093753,2410.2440625,3017.099853515625,1445.0,14.89990234375,598,37.92010145846544,427,27.076727964489535,288,18.26252377932784
latest-input-512-r0,512,latest-input,0,stage/webgl-frame-submitted,passed,measured,60.216500244140626,2320,38.52764592086615,81.1497802734375,147.87480468750027,313.36681152343743,415.89990234375,184.10009765625,2.600341796875,40,1.7241379310344827,0,0.0,0,0.0
latest-input-512-r1,512,latest-input,1,stage/webgl-frame-submitted,passed,measured,60.2445,1841,30.558806198076173,125.099853515625,2074.89990234375,2395.6599121093745,3008.099853515625,1450.39990234375,23.800048828125,698,37.91417707767518,524,28.46279196089082,363,19.717544812601847
before-768-r0,768,before,0,main/sent,passed,measured,60.2752998046875,2209,36.648511200407334,,,,,51.39990234375,6.800048828125,0,,0,,0,
before-768-r1,768,before,1,main/sent,passed,measured,60.27219995117188,2161,35.85400900831036,,,,,87.5,20.400146484375,0,,0,,0,
before-768-r0,768,before,0,main/received,passed,measured,60.2752998046875,867,14.384001453487171,258.39990234375,329.4499511718751,404.62985351562514,531.699951171875,231.699951171875,48.800048828125,629,72.54901960784314,2,0.2306805074971165,0,0.0
before-768-r1,768,before,1,main/received,passed,measured,60.27219995117188,852,14.1358702800002,262.4000244140625,286.84495849609374,293.0390478515625,375.60009765625,116.10009765625,15.400146484375,708,83.09859154929578,0,0.0,0,0.0
before-768-r0,768,before,0,main/preview-image-raf,passed,measured,60.2752998046875,852,14.135143296852446,271.10009765625,313.15499267578144,400.14702392578124,466.099853515625,227.0,29.800048828125,789,92.6056338028169,0,0.0,0,0.0
before-768-r1,768,before,1,main/preview-image-raf,passed,measured,60.27219995117188,853,14.152461677042453,280.699951171875,302.5400390625,314.8441015625,396,119.300048828125,9.199951171875,820,96.13130128956624,0,0.0,0,0.0
before-768-r0,768,before,0,stage/webgl-frame-submitted,passed,measured,60.2752998046875,865,14.350820365935874,262.900146484375,328.2399902343749,403.65217773437513,545.800048828125,233.10009765625,40.5,701,81.04046242774567,2,0.23121387283236994,0,0.0
before-768-r1,768,before,1,stage/webgl-frame-submitted,passed,measured,60.27219995117188,852,14.1358702800002,268.6502685546875,292.2452392578125,301.990244140625,381.10009765625,118.10009765625,13.2998046875,773,90.72769953051643,0,0.0,0,0.0
compute-capture-768-r0,768,compute-capture,0,main/sent,passed,measured,60.26530029296875,3000,49.77988967807425,,,,,50.5,14.60009765625,0,,0,,0,
compute-capture-768-r1,768,compute-capture,1,main/sent,passed,measured,60.4032998046875,3315,54.881107666617,,,,,68.699951171875,8.199951171875,0,,0,,0,
compute-capture-768-r0,768,compute-capture,0,main/received,passed,measured,60.26530029296875,1282,21.27260618909706,189.900146484375,208.39990234375,224.97103027343755,404.89990234375,202.0,27.0,10,0.7800312012480499,0,0.0,0,0.0
compute-capture-768-r1,768,compute-capture,1,main/received,passed,measured,60.4032998046875,1290,21.356449137235572,187.2999267578125,201.91989746093748,219.421923828125,223,80.300048828125,10.60009765625,0,0.0,0,0.0,0,0.0
compute-capture-768-r0,768,compute-capture,0,main/preview-image-raf,passed,measured,60.26530029296875,1279,21.222826299418987,210.599853515625,231.83002929687498,251.3220166015625,404.199951171875,200.800048828125,16.400146484375,15,1.1727912431587177,0,0.0,0,0.0
compute-capture-768-r1,768,compute-capture,1,main/preview-image-raf,passed,measured,60.4032998046875,1288,21.323338363379392,205.400146484375,222.12996826171877,240.5299023437501,258.699951171875,101.5,36.199951171875,3,0.2329192546583851,0,0.0,0,0.0
compute-capture-768-r0,768,compute-capture,0,stage/webgl-frame-submitted,passed,measured,60.26530029296875,1282,21.27260618909706,193.7998046875,212.19471435546876,229.2187255859375,409.89990234375,203.599853515625,25.30029296875,10,0.7800312012480499,0,0.0,0,0.0
compute-capture-768-r1,768,compute-capture,1,stage/webgl-frame-submitted,passed,measured,60.4032998046875,1290,21.356449137235572,191.0,207.45506591796874,223.800048828125,229.10009765625,79.7998046875,7.5,0,0.0,0,0.0,0,0.0
latest-input-768-r0,768,latest-input,0,main/sent,passed,measured,60.2552998046875,2907,48.244718878219786,,,,,52.60009765625,4.60009765625,0,,0,,0,
latest-input-768-r1,768,latest-input,1,main/sent,passed,measured,60.256800048828126,3111,51.62902771934539,,,,,61.699951171875,9.0,0,,0,,0,
latest-input-768-r0,768,latest-input,0,main/received,passed,measured,60.2552998046875,1239,20.562506601346513,119.400146484375,142.71018066406248,321.7198535156249,488.7998046875,249.2998046875,5.699951171875,22,1.7756255044390639,0,0.0,0,0.0
latest-input-768-r1,768,latest-input,1,main/received,passed,measured,60.256800048828126,1264,20.97688557931616,112.6500244140625,146.97000732421873,193.58102539062486,256.60009765625,124.7001953125,50.7001953125,1,0.07911392405063292,0,0.0,0,0.0
latest-input-768-r0,768,latest-input,0,main/preview-image-raf,passed,measured,60.2552998046875,1234,20.479526348717997,136.3499755859375,168.9349365234375,337.43701660156256,492.7001953125,247.5,30.0,21,1.7017828200972447,0,0.0,0,0.0
latest-input-768-r1,768,latest-input,1,main/preview-image-raf,passed,measured,60.256800048828126,1259,20.89390739268912,132.89990234375,168.2099609375,211.64004882812515,281.89990234375,104.199951171875,39.300048828125,5,0.3971405877680699,0,0.0,0,0.0
latest-input-768-r0,768,latest-input,0,stage/webgl-frame-submitted,passed,measured,60.2552998046875,1239,20.562506601346513,125.0,147.500244140625,326.0821484374999,493.7001953125,250.7001953125,2.999755859375,22,1.7756255044390639,0,0.0,0,0.0
latest-input-768-r1,768,latest-input,1,stage/webgl-frame-submitted,passed,measured,60.256800048828126,1264,20.97688557931616,115.89990234375,152.95478515624998,197.5289746093748,260.5,106.900146484375,48.300048828125,3,0.23734177215189872,0,0.0,0,0.0
before-1024-r0,1024,before,0,main/sent,passed,measured,60.25919995117187,2158,35.81195903278887,,,,,683.400146484375,20.699951171875,0,,0,,0,
before-1024-r1,1024,before,1,main/sent,passed,measured,60.266599609375,2174,36.073048987184194,,,,,52.400146484375,19.099853515625,0,,0,,0,
before-1024-r0,1024,before,0,main/received,passed,measured,60.25919995117187,496,8.23110828557149,409.9000244140625,439.5750732421875,1345.3450073242188,1574.400146484375,684.60009765625,48.699951171875,496,100.0,11,2.217741935483871,6,1.2096774193548387
before-1024-r1,1024,before,1,main/received,passed,measured,60.266599609375,499,8.27987646945948,411.7001953125,435.83005371093753,442.51,473.300048828125,169.300048828125,33.599853515625,499,100.0,0,0.0,0,0.0
before-1024-r0,1024,before,0,main/preview-image-raf,passed,measured,60.25919995117187,496,8.23110828557149,423.39990234375,455.574951171875,1367.0700073242188,1586.699951171875,680.7998046875,22.89990234375,496,100.0,16,3.225806451612903,6,1.2096774193548387
before-1024-r1,1024,before,1,main/preview-image-raf,passed,measured,60.266599609375,499,8.27987646945948,425.300048828125,452.0,456.8018115234375,489.800048828125,167.800048828125,22.39990234375,499,100.0,0,0.0,0,0.0
before-1024-r0,1024,before,0,stage/webgl-frame-submitted,passed,measured,60.25919995117187,496,8.23110828557149,415.14990234375,446.02490234375,1351.7300048828126,1577.5,684.5,45.199951171875,496,100.0,12,2.4193548387096775,6,1.2096774193548387
before-1024-r1,1024,before,1,stage/webgl-frame-submitted,passed,measured,60.266599609375,499,8.27987646945948,416.7001953125,443.400146484375,448.410146484375,476.400390625,169.400146484375,30.999755859375,499,100.0,0,0.0,0,0.0
compute-capture-1024-r0,1024,compute-capture,0,main/sent,passed,measured,60.23910009765625,3441,57.12236727344273,,,,,620.10009765625,3.10009765625,0,,0,,0,
compute-capture-1024-r1,1024,compute-capture,1,main/sent,passed,measured,60.2455,3342,55.473022881377034,,,,,820.0,3.5,0,,0,,0,
compute-capture-1024-r0,1024,compute-capture,0,main/received,passed,measured,60.23910009765625,731,12.134975436468071,296.2001953125,409.1500244140625,800.2100097656265,1110.7001953125,164.5,23.0,731,100.0,30,4.1039671682626535,4,0.5471956224350205
compute-capture-1024-r1,1024,compute-capture,1,main/received,passed,measured,60.2455,728,12.083890083076744,304.0,616.3100463867183,1082.2419287109396,1406.10009765625,143,51.60009765625,728,100.0,45,6.181318681318682,8,1.098901098901099
compute-capture-1024-r0,1024,compute-capture,0,main/preview-image-raf,passed,measured,60.23910009765625,731,12.134975436468071,313.800048828125,423.2000732421875,806.459985351564,1118.400146484375,167.7998046875,5.0,731,100.0,32,4.377564979480164,5,0.6839945280437757
compute-capture-1024-r1,1024,compute-capture,1,main/preview-image-raf,passed,measured,60.2455,728,12.083890083076744,319.5999755859375,632.6650146484369,1100.1578930664084,1425.2001953125,144.5,41.800048828125,728,100.0,47,6.456043956043956,9,1.2362637362637363
compute-capture-1024-r0,1024,compute-capture,0,stage/webgl-frame-submitted,passed,measured,60.23910009765625,731,12.134975436468071,301.099853515625,412.5499267578125,808.7197021484391,1116.300048828125,168.60009765625,20.500244140625,731,100.0,30,4.1039671682626535,5,0.6839945280437757
compute-capture-1024-r1,1024,compute-capture,1,stage/webgl-frame-submitted,passed,measured,60.2455,728,12.083890083076744,308.800048828125,619.9550170898433,1093.2819287109396,1409.60009765625,141.800048828125,48.300048828125,728,100.0,45,6.181318681318682,9,1.2362637362637363
latest-input-1024-r0,1024,latest-input,0,main/sent,passed,measured,60.26639990234375,3389,56.23365599225386,,,,,51.10009765625,0.5,0,,0,,0,
latest-input-1024-r1,1024,latest-input,1,main/sent,passed,measured,60.2497001953125,3221,53.46084693464745,,,,,1090.199951171875,1.0,0,,0,,0,
latest-input-1024-r0,1024,latest-input,0,main/received,passed,measured,60.26639990234375,727,12.063106493469624,155.2001953125,177.4700439453125,180.7740234375,189.199951171875,96.60009765625,67.2998046875,0,0.0,0,0.0,0,0.0
latest-input-1024-r1,1024,latest-input,1,main/received,passed,measured,60.2497001953125,723,12.000059712434059,157.0,224.59003906249995,1404.6180273437444,1712.5,220.60009765625,47.300048828125,35,4.840940525587828,21,2.904564315352697,12,1.6597510373443984
latest-input-1024-r0,1024,latest-input,0,main/preview-image-raf,passed,measured,60.26639990234375,727,12.063106493469624,174.199951171875,195.7700927734375,202.15004882812502,209.300048828125,112.300048828125,52.099853515625,0,0.0,0,0.0,0,0.0
latest-input-1024-r1,1024,latest-input,1,main/preview-image-raf,passed,measured,60.2497001953125,722,11.983462119470804,172.60009765625,241.6801025390629,1421.0389794921798,1728.89990234375,231.60009765625,36.300048828125,35,4.847645429362881,23,3.185595567867036,12,1.6620498614958448
latest-input-1024-r0,1024,latest-input,0,stage/webgl-frame-submitted,passed,measured,60.26639990234375,727,12.063106493469624,159.60009765625,181.800048828125,186.992001953125,198.800048828125,98.0,64.099853515625,0,0.0,0,0.0,0,0.0
latest-input-1024-r1,1024,latest-input,1,stage/webgl-frame-submitted,passed,measured,60.2497001953125,723,12.000059712434059,161.099853515625,229.60988769531244,1419.0299023437442,1716.69970703125,226.0,44.2001953125,35,4.840940525587828,21,2.904564315352697,12,1.6597510373443984
